"variable","statistic","pvalue","sign"
"Heigth",4.097,0.128934210266235,"ns"
"CBH1",0.336,0.845273456510462,"ns"
"CBH2",0.397,0.8198897158099,"ns"
"Canopy width",0.176,0.915956903747706,"ns"
