"variable","statistic","pvalue","sign"
"Height",5.108,0.077785052465206,"ns"
"CBH1",6.791,0.0335294904914758,"*"
"CBH2",10.695,0.00475992990083155,"**"
"Canopy width",4.79,0.0911928880916577,"ns"
